Processor, Memory, Linux Distro, Verilator Version, Best Score (CPS)
Intel Core 2 Duo P8600 (2) @ 2.401GHz, 5853MiB, Ubuntu 22.04.5 LTS x86_64, 4.210, 0.220426M
AMD Ryzen 7 PRO 5850U (16) @ 1.896GHz, 7350MiB, Ubuntu 22.04.1 LTS on Windows 10 x86_64, 4.210, 0.897389M
AMD Ryzen 7 5800X3D (16) @ 3.40GHz, 64210MiB, Ubuntu 22.04.4 LTS x86_64, 4.210, 1.17502M
12th Gen Intel i7-12800H (20) @ 2.803GHz, 31932MiB, Ubuntu 22.04.3 LTS on Windows 10 x86_64, 4.210, 1.36639M
12th Gen Intel i9-12900H (20) @ 2.918GHz, 32098MiB, Ubuntu 22.04.5 LTS on Windows 10 x86_64, 4.210, 1.50951M
AMD Ryzen 9 7950X (32) @ 5.881GHz, 63405MiB, Ubuntu 22.04.4 LTS x86_64, 4.210, 1.71408M
Apple M3 (8) @ 4.05GHz, 3902MiB, Ubuntu 24.04.1 LTS aarch64, 5.028, 1.84481M
Apple M2 Pro (10) @ 3.70GHz, 3910MiB, Ubuntu 22.04.5 LTS aarch64, 4.210, 1.85308M
Apple M3 (8) @ 4.05GHz, 3908MiB, Ubuntu 22.04.5 LTS aarch64, 4.210, 2.05366M
